,joy_intensity_mean,sadness_intensity_mean,anger_intensity_mean,fear_intensity_mean,disgust_intensity_mean,surprise_intensity_mean,pleasure_mean,arousal_mean,dominance_mean
count,512.0,512.0,512.0,512.0,512.0,512.0,512.0,512.0,512.0
mean,1.794842819940476,1.435374813988095,0.88759765625,1.3352260044642859,0.5247674851190476,1.4118768601190477,4.524800037202381,5.040592447916667,4.384867931547619
std,0.8438007540555913,0.776636568199225,0.5811475333998807,0.7053491807801795,0.3325342725800168,0.684933763865444,1.2288057594447448,1.1947808102696802,1.034728800338933
min,0.0,0.0,0.0,0.0,0.0,0.0,1.6,2.0,1.6666666666666667
25%,1.1666666666666667,0.8333333333333334,0.42857142857142855,0.8,0.3333333333333333,0.8571428571428571,3.6666666666666665,4.2,3.6666666666666665
50%,1.8333333333333333,1.3333333333333333,0.8333333333333334,1.25,0.5,1.3333333333333333,4.6,5.0,4.333333333333333
75%,2.3333333333333335,2.0,1.2,1.8083333333333333,0.6666666666666666,1.8333333333333333,5.333333333333333,6.0,5.0
max,4.5,4.0,3.3333333333333335,3.5,1.6666666666666667,3.6666666666666665,8.2,7.666666666666667,7.8
